{
    "utterances": [
        {
            "text": "3",
            "entities": [
                {
                    "entity": "wit$number:number",
                    "start": 0,
                    "end": 1,
                    "body": "3",
                    "entities": []
                }
            ],
            "traits": [],
            "intent": "add_item"
        },
        {
            "text": "5",
            "entities": [
                {
                    "entity": "wit$number:number",
                    "start": 0,
                    "end": 1,
                    "body": "5",
                    "entities": []
                }
            ],
            "traits": [],
            "intent": "add_item"
        },
        {
            "text": "Apple",
            "entities": [
                {
                    "entity": "item_type:item_type",
                    "start": 0,
                    "end": 5,
                    "body": "Apple",
                    "entities": []
                }
            ],
            "traits": [],
            "intent": "get_price"
        },
        {
            "text": "Bagel",
            "entities": [
                {
                    "entity": "item_type:item_type",
                    "start": 0,
                    "end": 5,
                    "body": "Bagel",
                    "entities": []
                }
            ],
            "traits": [],
            "intent": "get_price"
        },
        {
            "text": "Coconut",
            "entities": [
                {
                    "entity": "item_type:item_type",
                    "start": 0,
                    "end": 7,
                    "body": "Coconut",
                    "entities": []
                }
            ],
            "traits": [],
            "intent": "get_price"
        },
        {
            "text": "Donut",
            "entities": [
                {
                    "entity": "item_type:item_type",
                    "start": 0,
                    "end": 5,
                    "body": "Donut",
                    "entities": []
                }
            ],
            "traits": [],
            "intent": "get_price"
        },
        {
            "text": "Egg",
            "entities": [
                {
                    "entity": "item_type:item_type",
                    "start": 0,
                    "end": 3,
                    "body": "Egg",
                    "entities": []
                }
            ],
            "traits": [],
            "intent": "get_price"
        },
        {
            "text": "I am done",
            "entities": [
                {
                    "entity": "checkout_request:checkout_request",
                    "start": 0,
                    "end": 9,
                    "body": "I am done",
                    "entities": []
                }
            ],
            "traits": [],
            "intent": "checkout"
        },
        {
            "text": "I'm finished shopping",
            "entities": [
                {
                    "entity": "checkout_request:checkout_request",
                    "start": 0,
                    "end": 21,
                    "body": "I'm finished shopping",
                    "entities": []
                }
            ],
            "traits": [],
            "intent": "checkout"
        },
        {
            "text": "add",
            "entities": [
                {
                    "entity": "add_request:add_request",
                    "start": 0,
                    "end": 3,
                    "body": "add",
                    "entities": []
                }
            ],
            "traits": [],
            "intent": "add_item"
        },
        {
            "text": "add 1 coconuts to basket",
            "entities": [
                {
                    "entity": "add_request:add_request",
                    "start": 0,
                    "end": 3,
                    "body": "add",
                    "entities": []
                },
                {
                    "entity": "wit$number:number",
                    "start": 4,
                    "end": 5,
                    "body": "1",
                    "entities": []
                },
                {
                    "entity": "item_type:item_type",
                    "start": 6,
                    "end": 14,
                    "body": "coconuts",
                    "entities": []
                },
                {
                    "entity": "add_request:add_request",
                    "start": 15,
                    "end": 24,
                    "body": "to basket",
                    "entities": []
                }
            ],
            "traits": [],
            "intent": "add_item"
        },
        {
            "text": "add 2 apples to cart",
            "entities": [
                {
                    "entity": "add_request:add_request",
                    "start": 0,
                    "end": 3,
                    "body": "add",
                    "entities": []
                },
                {
                    "entity": "wit$number:number",
                    "start": 4,
                    "end": 5,
                    "body": "2",
                    "entities": []
                },
                {
                    "entity": "item_type:item_type",
                    "start": 6,
                    "end": 12,
                    "body": "apples",
                    "entities": []
                },
                {
                    "entity": "remove_request:remove_request",
                    "start": 16,
                    "end": 20,
                    "body": "cart",
                    "entities": []
                }
            ],
            "traits": [],
            "intent": "add_item"
        },
        {
            "text": "add 3 bagels",
            "entities": [
                {
                    "entity": "add_request:add_request",
                    "start": 0,
                    "end": 3,
                    "body": "add",
                    "entities": []
                },
                {
                    "entity": "wit$number:number",
                    "start": 4,
                    "end": 5,
                    "body": "3",
                    "entities": []
                },
                {
                    "entity": "item_type:item_type",
                    "start": 6,
                    "end": 12,
                    "body": "bagels",
                    "entities": []
                }
            ],
            "traits": [],
            "intent": "add_item"
        },
        {
            "text": "add an apple",
            "entities": [
                {
                    "entity": "add_request:add_request",
                    "start": 0,
                    "end": 3,
                    "body": "add",
                    "entities": []
                },
                {
                    "entity": "item_type:item_type",
                    "start": 7,
                    "end": 12,
                    "body": "apple",
                    "entities": []
                }
            ],
            "traits": [],
            "intent": "add_item"
        },
        {
            "text": "add apple to cart",
            "entities": [
                {
                    "entity": "add_request:add_request",
                    "start": 0,
                    "end": 3,
                    "body": "add",
                    "entities": []
                },
                {
                    "entity": "item_type:item_type",
                    "start": 4,
                    "end": 9,
                    "body": "apple",
                    "entities": []
                },
                {
                    "entity": "add_request:add_request",
                    "start": 13,
                    "end": 17,
                    "body": "cart",
                    "entities": []
                }
            ],
            "traits": [],
            "intent": "add_item"
        },
        {
            "text": "add apples to basket",
            "entities": [
                {
                    "entity": "add_request:add_request",
                    "start": 0,
                    "end": 3,
                    "body": "add",
                    "entities": []
                },
                {
                    "entity": "item_type:item_type",
                    "start": 4,
                    "end": 10,
                    "body": "apples",
                    "entities": []
                },
                {
                    "entity": "add_request:add_request",
                    "start": 11,
                    "end": 20,
                    "body": "to basket",
                    "entities": []
                }
            ],
            "traits": [],
            "intent": "add_item"
        },
        {
            "text": "add basket",
            "entities": [
                {
                    "entity": "add_request:add_request",
                    "start": 0,
                    "end": 3,
                    "body": "add",
                    "entities": []
                },
                {
                    "entity": "add_request:add_request",
                    "start": 4,
                    "end": 10,
                    "body": "basket",
                    "entities": []
                }
            ],
            "traits": [],
            "intent": "add_item"
        },
        {
            "text": "add cart",
            "entities": [
                {
                    "entity": "add_request:add_request",
                    "start": 0,
                    "end": 3,
                    "body": "add",
                    "entities": []
                },
                {
                    "entity": "add_request:add_request",
                    "start": 4,
                    "end": 8,
                    "body": "cart",
                    "entities": []
                }
            ],
            "traits": [],
            "intent": "add_item"
        },
        {
            "text": "add to basket",
            "entities": [
                {
                    "entity": "add_request:add_request",
                    "start": 0,
                    "end": 3,
                    "body": "add",
                    "entities": []
                },
                {
                    "entity": "add_request:add_request",
                    "start": 4,
                    "end": 13,
                    "body": "to basket",
                    "entities": []
                }
            ],
            "traits": [],
            "intent": "add_item"
        },
        {
            "text": "add two apples to basket",
            "entities": [
                {
                    "entity": "item_type:item_type",
                    "start": 8,
                    "end": 14,
                    "body": "apples",
                    "entities": []
                },
                {
                    "entity": "wit$number:number",
                    "start": 4,
                    "end": 7,
                    "body": "two",
                    "entities": []
                },
                {
                    "entity": "add_request:add_request",
                    "start": 0,
                    "end": 3,
                    "body": "add",
                    "entities": []
                }
            ],
            "traits": [],
            "intent": "add_item"
        },
        {
            "text": "apple",
            "entities": [
                {
                    "entity": "item_type:item_type",
                    "start": 0,
                    "end": 5,
                    "body": "apple",
                    "entities": []
                }
            ],
            "traits": [],
            "intent": "get_price"
        },
        {
            "text": "bagel",
            "entities": [
                {
                    "entity": "item_type:item_type",
                    "start": 0,
                    "end": 5,
                    "body": "bagel",
                    "entities": []
                }
            ],
            "traits": [],
            "intent": "add_item"
        },
        {
            "text": "basket",
            "entities": [
                {
                    "entity": "add_request:add_request",
                    "start": 0,
                    "end": 6,
                    "body": "basket",
                    "entities": []
                }
            ],
            "traits": [],
            "intent": "add_item"
        },
        {
            "text": "cart",
            "entities": [
                {
                    "entity": "add_request:add_request",
                    "start": 0,
                    "end": 4,
                    "body": "cart",
                    "entities": []
                }
            ],
            "traits": [],
            "intent": "add_item"
        },
        {
            "text": "check",
            "entities": [],
            "traits": [],
            "intent": "checkout"
        },
        {
            "text": "checkout",
            "entities": [],
            "traits": [],
            "intent": "checkout"
        },
        {
            "text": "coconut",
            "entities": [
                {
                    "entity": "item_type:item_type",
                    "start": 0,
                    "end": 7,
                    "body": "coconut",
                    "entities": []
                }
            ],
            "traits": [],
            "intent": "add_item"
        },
        {
            "text": "cost",
            "entities": [
                {
                    "entity": "price_trigger:price_trigger",
                    "start": 0,
                    "end": 4,
                    "body": "cost",
                    "entities": []
                }
            ],
            "traits": [],
            "intent": "get_price"
        },
        {
            "text": "delete",
            "entities": [
                {
                    "entity": "remove_request:remove_request",
                    "start": 0,
                    "end": 6,
                    "body": "delete",
                    "entities": []
                }
            ],
            "traits": [],
            "intent": "remove_item"
        },
        {
            "text": "delete 10 coconut from cart",
            "entities": [
                {
                    "entity": "remove_request:remove_request",
                    "start": 0,
                    "end": 6,
                    "body": "delete",
                    "entities": []
                },
                {
                    "entity": "wit$number:number",
                    "start": 7,
                    "end": 9,
                    "body": "10",
                    "entities": []
                },
                {
                    "entity": "item_type:item_type",
                    "start": 10,
                    "end": 17,
                    "body": "coconut",
                    "entities": []
                },
                {
                    "entity": "remove_request:remove_request",
                    "start": 18,
                    "end": 22,
                    "body": "from",
                    "entities": []
                }
            ],
            "traits": [],
            "intent": "remove_item"
        },
        {
            "text": "delete 6 coconut from cart",
            "entities": [
                {
                    "entity": "remove_request:remove_request",
                    "start": 0,
                    "end": 6,
                    "body": "delete",
                    "entities": []
                },
                {
                    "entity": "wit$number:number",
                    "start": 7,
                    "end": 8,
                    "body": "6",
                    "entities": []
                },
                {
                    "entity": "item_type:item_type",
                    "start": 9,
                    "end": 16,
                    "body": "coconut",
                    "entities": []
                },
                {
                    "entity": "remove_request:remove_request",
                    "start": 17,
                    "end": 21,
                    "body": "from",
                    "entities": []
                },
                {
                    "entity": "remove_request:remove_request",
                    "start": 22,
                    "end": 26,
                    "body": "cart",
                    "entities": []
                }
            ],
            "traits": [],
            "intent": "remove_item"
        },
        {
            "text": "delete egg from cart",
            "entities": [
                {
                    "entity": "remove_request:remove_request",
                    "start": 0,
                    "end": 6,
                    "body": "delete",
                    "entities": []
                },
                {
                    "entity": "item_type:item_type",
                    "start": 7,
                    "end": 10,
                    "body": "egg",
                    "entities": []
                },
                {
                    "entity": "remove_request:remove_request",
                    "start": 11,
                    "end": 15,
                    "body": "from",
                    "entities": []
                },
                {
                    "entity": "remove_request:remove_request",
                    "start": 16,
                    "end": 20,
                    "body": "cart",
                    "entities": []
                }
            ],
            "traits": [],
            "intent": "remove_item"
        },
        {
            "text": "delete from the basket",
            "entities": [
                {
                    "entity": "remove_request:remove_request",
                    "start": 0,
                    "end": 6,
                    "body": "delete",
                    "entities": []
                },
                {
                    "entity": "remove_request:remove_request",
                    "start": 7,
                    "end": 22,
                    "body": "from the basket",
                    "entities": []
                }
            ],
            "traits": [],
            "intent": "remove_item"
        },
        {
            "text": "delete from the cart",
            "entities": [
                {
                    "entity": "remove_request:remove_request",
                    "start": 0,
                    "end": 6,
                    "body": "delete",
                    "entities": []
                },
                {
                    "entity": "remove_request:remove_request",
                    "start": 7,
                    "end": 11,
                    "body": "from",
                    "entities": []
                }
            ],
            "traits": [],
            "intent": "get_help"
        },
        {
            "text": "donut",
            "entities": [],
            "traits": [],
            "intent": "add_item"
        },
        {
            "text": "egg",
            "entities": [
                {
                    "entity": "item_type:item_type",
                    "start": 0,
                    "end": 3,
                    "body": "egg",
                    "entities": []
                }
            ],
            "traits": [],
            "intent": "add_item"
        },
        {
            "text": "get help",
            "entities": [
                {
                    "entity": "help_type:help_type",
                    "start": 0,
                    "end": 8,
                    "body": "get help",
                    "entities": []
                }
            ],
            "traits": [],
            "intent": "get_help"
        },
        {
            "text": "help",
            "entities": [
                {
                    "entity": "help_type:help_type",
                    "start": 0,
                    "end": 4,
                    "body": "help",
                    "entities": []
                }
            ],
            "traits": [],
            "intent": "get_help"
        },
        {
            "text": "how much",
            "entities": [
                {
                    "entity": "price_trigger:price_trigger",
                    "start": 0,
                    "end": 8,
                    "body": "how much",
                    "entities": []
                }
            ],
            "traits": [],
            "intent": "get_price"
        },
        {
            "text": "how much does",
            "entities": [
                {
                    "entity": "price_trigger:price_trigger",
                    "start": 0,
                    "end": 8,
                    "body": "how much",
                    "entities": []
                }
            ],
            "traits": [],
            "intent": "get_price"
        },
        {
            "text": "how much does cost",
            "entities": [
                {
                    "entity": "price_trigger:price_trigger",
                    "start": 0,
                    "end": 8,
                    "body": "how much",
                    "entities": []
                },
                {
                    "entity": "price_trigger:price_trigger",
                    "start": 14,
                    "end": 18,
                    "body": "cost",
                    "entities": []
                }
            ],
            "traits": [],
            "intent": "get_price"
        },
        {
            "text": "how much is a",
            "entities": [
                {
                    "entity": "price_trigger:price_trigger",
                    "start": 0,
                    "end": 8,
                    "body": "how much",
                    "entities": []
                }
            ],
            "traits": [],
            "intent": "get_price"
        },
        {
            "text": "how much is a bagel",
            "entities": [
                {
                    "entity": "price_trigger:price_trigger",
                    "start": 0,
                    "end": 8,
                    "body": "how much",
                    "entities": []
                },
                {
                    "entity": "item_type:item_type",
                    "start": 14,
                    "end": 19,
                    "body": "bagel",
                    "entities": []
                }
            ],
            "traits": [],
            "intent": "get_price"
        },
        {
            "text": "price",
            "entities": [
                {
                    "entity": "price_trigger:price_trigger",
                    "start": 0,
                    "end": 5,
                    "body": "price",
                    "entities": []
                }
            ],
            "traits": [],
            "intent": "get_price"
        },
        {
            "text": "put",
            "entities": [
                {
                    "entity": "add_request:add_request",
                    "start": 0,
                    "end": 3,
                    "body": "put",
                    "entities": []
                }
            ],
            "traits": [],
            "intent": "add_item"
        },
        {
            "text": "remove",
            "entities": [
                {
                    "entity": "remove_request:remove_request",
                    "start": 0,
                    "end": 6,
                    "body": "remove",
                    "entities": []
                }
            ],
            "traits": [],
            "intent": "remove_item"
        },
        {
            "text": "remove -2 apples",
            "entities": [
                {
                    "entity": "remove_request:remove_request",
                    "start": 0,
                    "end": 6,
                    "body": "remove",
                    "entities": []
                },
                {
                    "entity": "wit$number:number",
                    "start": 7,
                    "end": 9,
                    "body": "-2",
                    "entities": []
                },
                {
                    "entity": "item_type:item_type",
                    "start": 10,
                    "end": 16,
                    "body": "apples",
                    "entities": []
                }
            ],
            "traits": [],
            "intent": "remove_item"
        },
        {
            "text": "remove -2 bagels",
            "entities": [
                {
                    "entity": "remove_request:remove_request",
                    "start": 0,
                    "end": 6,
                    "body": "remove",
                    "entities": []
                },
                {
                    "entity": "wit$number:number",
                    "start": 7,
                    "end": 9,
                    "body": "-2",
                    "entities": []
                },
                {
                    "entity": "item_type:item_type",
                    "start": 10,
                    "end": 16,
                    "body": "bagels",
                    "entities": []
                }
            ],
            "traits": [],
            "intent": "remove_item"
        },
        {
            "text": "remove 2 eggs from cart",
            "entities": [
                {
                    "entity": "remove_request:remove_request",
                    "start": 0,
                    "end": 6,
                    "body": "remove",
                    "entities": []
                },
                {
                    "entity": "wit$number:number",
                    "start": 7,
                    "end": 8,
                    "body": "2",
                    "entities": []
                },
                {
                    "entity": "item_type:item_type",
                    "start": 9,
                    "end": 13,
                    "body": "eggs",
                    "entities": []
                },
                {
                    "entity": "remove_request:remove_request",
                    "start": 14,
                    "end": 18,
                    "body": "from",
                    "entities": []
                },
                {
                    "entity": "remove_request:remove_request",
                    "start": 19,
                    "end": 23,
                    "body": "cart",
                    "entities": []
                }
            ],
            "traits": [],
            "intent": "remove_item"
        },
        {
            "text": "remove 3 apples from basket",
            "entities": [
                {
                    "entity": "remove_request:remove_request",
                    "start": 0,
                    "end": 6,
                    "body": "remove",
                    "entities": []
                },
                {
                    "entity": "wit$number:number",
                    "start": 7,
                    "end": 8,
                    "body": "3",
                    "entities": []
                },
                {
                    "entity": "item_type:item_type",
                    "start": 9,
                    "end": 15,
                    "body": "apples",
                    "entities": []
                },
                {
                    "entity": "remove_request:remove_request",
                    "start": 16,
                    "end": 20,
                    "body": "from",
                    "entities": []
                }
            ],
            "traits": [],
            "intent": "remove_item"
        },
        {
            "text": "remove 7 eggs",
            "entities": [
                {
                    "entity": "remove_request:remove_request",
                    "start": 0,
                    "end": 6,
                    "body": "remove",
                    "entities": []
                },
                {
                    "entity": "wit$number:number",
                    "start": 7,
                    "end": 8,
                    "body": "7",
                    "entities": []
                },
                {
                    "entity": "item_type:item_type",
                    "start": 9,
                    "end": 13,
                    "body": "eggs",
                    "entities": []
                }
            ],
            "traits": [],
            "intent": "remove_item"
        },
        {
            "text": "remove an apple from my basket",
            "entities": [
                {
                    "entity": "item_type:item_type",
                    "start": 10,
                    "end": 15,
                    "body": "apple",
                    "entities": []
                },
                {
                    "entity": "remove_request:remove_request",
                    "start": 0,
                    "end": 6,
                    "body": "remove",
                    "entities": []
                },
                {
                    "entity": "remove_request:remove_request",
                    "start": 16,
                    "end": 20,
                    "body": "from",
                    "entities": []
                },
                {
                    "entity": "remove_request:remove_request",
                    "start": 24,
                    "end": 30,
                    "body": "basket",
                    "entities": []
                }
            ],
            "traits": [],
            "intent": "remove_item"
        },
        {
            "text": "remove bagel from cart",
            "entities": [
                {
                    "entity": "remove_request:remove_request",
                    "start": 0,
                    "end": 6,
                    "body": "remove",
                    "entities": []
                },
                {
                    "entity": "item_type:item_type",
                    "start": 7,
                    "end": 12,
                    "body": "bagel",
                    "entities": []
                },
                {
                    "entity": "remove_request:remove_request",
                    "start": 13,
                    "end": 17,
                    "body": "from",
                    "entities": []
                },
                {
                    "entity": "remove_request:remove_request",
                    "start": 18,
                    "end": 22,
                    "body": "cart",
                    "entities": []
                }
            ],
            "traits": [],
            "intent": "remove_item"
        },
        {
            "text": "remove basket",
            "entities": [
                {
                    "entity": "remove_request:remove_request",
                    "start": 0,
                    "end": 6,
                    "body": "remove",
                    "entities": []
                },
                {
                    "entity": "remove_request:remove_request",
                    "start": 7,
                    "end": 13,
                    "body": "basket",
                    "entities": []
                }
            ],
            "traits": [],
            "intent": "remove_item"
        },
        {
            "text": "remove cart",
            "entities": [
                {
                    "entity": "remove_request:remove_request",
                    "start": 0,
                    "end": 6,
                    "body": "remove",
                    "entities": []
                },
                {
                    "entity": "remove_request:remove_request",
                    "start": 7,
                    "end": 11,
                    "body": "cart",
                    "entities": []
                }
            ],
            "traits": [],
            "intent": "remove_item"
        },
        {
            "text": "remove from basket",
            "entities": [
                {
                    "entity": "remove_request:remove_request",
                    "start": 0,
                    "end": 6,
                    "body": "remove",
                    "entities": []
                },
                {
                    "entity": "remove_request:remove_request",
                    "start": 7,
                    "end": 11,
                    "body": "from",
                    "entities": []
                },
                {
                    "entity": "remove_request:remove_request",
                    "start": 12,
                    "end": 18,
                    "body": "basket",
                    "entities": []
                }
            ],
            "traits": [],
            "intent": "remove_item"
        },
        {
            "text": "remove from cart",
            "entities": [
                {
                    "entity": "remove_request:remove_request",
                    "start": 0,
                    "end": 6,
                    "body": "remove",
                    "entities": []
                },
                {
                    "entity": "remove_request:remove_request",
                    "start": 7,
                    "end": 11,
                    "body": "from",
                    "entities": []
                },
                {
                    "entity": "remove_request:remove_request",
                    "start": 12,
                    "end": 16,
                    "body": "cart",
                    "entities": []
                }
            ],
            "traits": [],
            "intent": "remove_item"
        },
        {
            "text": "remove from the basket",
            "entities": [
                {
                    "entity": "remove_request:remove_request",
                    "start": 0,
                    "end": 6,
                    "body": "remove",
                    "entities": []
                },
                {
                    "entity": "remove_request:remove_request",
                    "start": 7,
                    "end": 22,
                    "body": "from the basket",
                    "entities": []
                }
            ],
            "traits": [],
            "intent": "remove_item"
        },
        {
            "text": "remove from the cart",
            "entities": [
                {
                    "entity": "remove_request:remove_request",
                    "start": 0,
                    "end": 6,
                    "body": "remove",
                    "entities": []
                },
                {
                    "entity": "remove_request:remove_request",
                    "start": 7,
                    "end": 20,
                    "body": "from the cart",
                    "entities": []
                }
            ],
            "traits": [],
            "intent": "remove_item"
        },
        {
            "text": "shopping",
            "entities": [],
            "traits": [],
            "intent": "checkout"
        },
        {
            "text": "view",
            "entities": [
                {
                    "entity": "view_request:view_request",
                    "start": 0,
                    "end": 4,
                    "body": "view",
                    "entities": []
                }
            ],
            "traits": [],
            "intent": "view_cart"
        },
        {
            "text": "view cart",
            "entities": [
                {
                    "entity": "remove_request:remove_request",
                    "start": 5,
                    "end": 9,
                    "body": "cart",
                    "entities": []
                }
            ],
            "traits": [],
            "intent": "view_cart"
        },
        {
            "text": "view my cart",
            "entities": [
                {
                    "entity": "view_request:view_request",
                    "start": 0,
                    "end": 4,
                    "body": "view",
                    "entities": []
                }
            ],
            "traits": [],
            "intent": "view_cart"
        },
        {
            "text": "what Items are there",
            "entities": [],
            "traits": [],
            "intent": "get_items"
        },
        {
            "text": "what can I buy",
            "entities": [],
            "traits": [],
            "intent": "get_items"
        },
        {
            "text": "what can I do",
            "entities": [
                {
                    "entity": "help_type:help_type",
                    "start": 0,
                    "end": 13,
                    "body": "what can I do",
                    "entities": []
                }
            ],
            "traits": [],
            "intent": "get_help"
        },
        {
            "text": "what can I get",
            "entities": [],
            "traits": [],
            "intent": "get_help"
        },
        {
            "text": "what do I have",
            "entities": [
                {
                    "entity": "view_request:view_request",
                    "start": 0,
                    "end": 14,
                    "body": "what do I have",
                    "entities": []
                }
            ],
            "traits": [],
            "intent": "view_cart"
        },
        {
            "text": "what is available",
            "entities": [],
            "traits": [],
            "intent": "get_items"
        },
        {
            "text": "what is the cost of",
            "entities": [
                {
                    "entity": "price_trigger:price_trigger",
                    "start": 12,
                    "end": 16,
                    "body": "cost",
                    "entities": []
                }
            ],
            "traits": [],
            "intent": "get_price"
        },
        {
            "text": "what is the price",
            "entities": [
                {
                    "entity": "price_trigger:price_trigger",
                    "start": 12,
                    "end": 17,
                    "body": "price",
                    "entities": []
                }
            ],
            "traits": [],
            "intent": "get_price"
        },
        {
            "text": "what is the price of",
            "entities": [
                {
                    "entity": "price_trigger:price_trigger",
                    "start": 12,
                    "end": 17,
                    "body": "price",
                    "entities": []
                }
            ],
            "traits": [],
            "intent": "get_price"
        },
        {
            "text": "what items are there",
            "entities": [],
            "traits": [],
            "intent": "get_items"
        },
        {
            "text": "what items can I get",
            "entities": [],
            "traits": [],
            "intent": "get_items"
        },
        {
            "text": "what's in my basket",
            "entities": [
                {
                    "entity": "view_request:view_request",
                    "start": 0,
                    "end": 19,
                    "body": "what's in my basket",
                    "entities": []
                }
            ],
            "traits": [],
            "intent": "view_cart"
        },
        {
            "text": "what's the cost of",
            "entities": [
                {
                    "entity": "price_trigger:price_trigger",
                    "start": 11,
                    "end": 15,
                    "body": "cost",
                    "entities": []
                }
            ],
            "traits": [],
            "intent": "get_price"
        },
        {
            "text": "what's the price",
            "entities": [
                {
                    "entity": "price_trigger:price_trigger",
                    "start": 0,
                    "end": 16,
                    "body": "what's the price",
                    "entities": []
                }
            ],
            "traits": [],
            "intent": "get_price"
        },
        {
            "text": "what's the price of",
            "entities": [
                {
                    "entity": "price_trigger:price_trigger",
                    "start": 0,
                    "end": 16,
                    "body": "what's the price",
                    "entities": []
                }
            ],
            "traits": [],
            "intent": "get_price"
        }
    ]
}
