{
    "utterances": [
        {
            "text": "I have something on my mind",
            "entities": [],
            "traits": [],
            "intent": "create_comment"
        },
        {
            "text": "create",
            "entities": [],
            "traits": [],
            "intent": "create_comment"
        },
        {
            "text": "create a post",
            "entities": [],
            "traits": [],
            "intent": "create_comment"
        },
        {
            "text": "create content",
            "entities": [],
            "traits": [],
            "intent": "create_comment"
        },
        {
            "text": "get 2 comments",
            "entities": [
                {
                    "entity": "wit$number:number",
                    "start": 4,
                    "end": 5,
                    "body": "2",
                    "entities": []
                }
            ],
            "traits": [],
            "intent": "get_comments"
        },
        {
            "text": "get 3 comments",
            "entities": [
                {
                    "entity": "wit$number:number",
                    "start": 4,
                    "end": 5,
                    "body": "3",
                    "entities": []
                }
            ],
            "traits": [],
            "intent": "get_comments"
        },
        {
            "text": "get 4 posts",
            "entities": [
                {
                    "entity": "wit$number:number",
                    "start": 4,
                    "end": 5,
                    "body": "4",
                    "entities": []
                }
            ],
            "traits": [],
            "intent": "get_comments"
        },
        {
            "text": "get 5 posts",
            "entities": [
                {
                    "entity": "wit$number:number",
                    "start": 4,
                    "end": 5,
                    "body": "5",
                    "entities": []
                }
            ],
            "traits": [],
            "intent": "get_comments"
        },
        {
            "text": "get comments",
            "entities": [],
            "traits": [],
            "intent": "get_comments"
        },
        {
            "text": "get lastest posts",
            "entities": [],
            "traits": [],
            "intent": "get_comments"
        },
        {
            "text": "get me comments",
            "entities": [],
            "traits": [],
            "intent": "get_comments"
        },
        {
            "text": "get me the 4  latest messages",
            "entities": [
                {
                    "entity": "wit$number:number",
                    "start": 11,
                    "end": 12,
                    "body": "4",
                    "entities": []
                }
            ],
            "traits": [],
            "intent": "get_comments"
        },
        {
            "text": "get some messages",
            "entities": [],
            "traits": [],
            "intent": "get_comments"
        },
        {
            "text": "get the latest posts",
            "entities": [],
            "traits": [],
            "intent": "get_comments"
        },
        {
            "text": "get the messages",
            "entities": [],
            "traits": [],
            "intent": "get_comments"
        },
        {
            "text": "log in",
            "entities": [],
            "traits": [],
            "intent": "login"
        },
        {
            "text": "log in me please",
            "entities": [],
            "traits": [],
            "intent": "login"
        },
        {
            "text": "log me in",
            "entities": [],
            "traits": [],
            "intent": "login"
        },
        {
            "text": "log me out",
            "entities": [],
            "traits": [],
            "intent": "logout"
        },
        {
            "text": "log out",
            "entities": [],
            "traits": [],
            "intent": "logout"
        },
        {
            "text": "login",
            "entities": [],
            "traits": [],
            "intent": "login"
        },
        {
            "text": "logout",
            "entities": [],
            "traits": [],
            "intent": "logout"
        },
        {
            "text": "make a comment for me",
            "entities": [],
            "traits": [],
            "intent": "create_comment"
        },
        {
            "text": "make a post",
            "entities": [],
            "traits": [],
            "intent": "create_comment"
        },
        {
            "text": "make a post for me",
            "entities": [],
            "traits": [],
            "intent": "create_comment"
        },
        {
            "text": "make comment",
            "entities": [],
            "traits": [],
            "intent": "create_comment"
        },
        {
            "text": "post a comment",
            "entities": [],
            "traits": [],
            "intent": "create_comment"
        },
        {
            "text": "post a message",
            "entities": [],
            "traits": [],
            "intent": "create_comment"
        },
        {
            "text": "sign me out",
            "entities": [],
            "traits": [],
            "intent": "logout"
        },
        {
            "text": "signout",
            "entities": [],
            "traits": [],
            "intent": "logout"
        }
    ]
}
