{
    "name": "help_type",
    "roles": [
        "help_type"
    ],
    "lookups": [
        "keywords"
    ],
    "keywords": [
        {
            "keyword": "get help",
            "synonyms": [
                "get help"
            ]
        },
        {
            "keyword": "help",
            "synonyms": [
                "help"
            ]
        },
        {
            "keyword": "what can I do",
            "synonyms": [
                "what can i do"
            ]
        }
    ]
}
