{
    "name": "item_type",
    "roles": [
        "item_type"
    ],
    "lookups": [
        "keywords"
    ],
    "keywords": [
        {
            "keyword": "Apple",
            "synonyms": [
                "Apple",
                "apple",
                "apples"
            ]
        },
        {
            "keyword": "Bagel",
            "synonyms": [
                "Bagel",
                "bagel",
                "bagels"
            ]
        },
        {
            "keyword": "Coconut",
            "synonyms": [
                "Coconut",
                "coconut",
                "coconuts"
            ]
        },
        {
            "keyword": "Donut",
            "synonyms": [
                "Donut",
                "donut",
                "donuts"
            ]
        },
        {
            "keyword": "Egg",
            "synonyms": [
                "Egg",
                "egg",
                "eggs"
            ]
        }
    ]
}
