{
    "name": "remove_request",
    "roles": [
        "remove_request"
    ],
    "lookups": [
        "keywords"
    ],
    "keywords": [
        {
            "keyword": "basket",
            "synonyms": [
                "basket",
                "cart",
                "from",
                "from the basket",
                "from the cart"
            ]
        },
        {
            "keyword": "remove",
            "synonyms": [
                "delete",
                "remove"
            ]
        }
    ]
}
